"Lake name","1977","1978","1979","1980","1981","1982","1983","1984","1985","1986","1987","1988","1989","1990","1991","1992","1993","1994","1995","1996","1997","1998","1999","2000","2001","2002","2003","2004","2005","2006","2007"
"Alastair Lake","-","1 | 2","-","-","-","-","-","-","-","-","-","-","-","-","-","-","-","-","1 | 1","-","-","-","-","-","-","-","-","-","-","-","-"
"Awun Lake","-","-","1 | 1","1 | 1","1 | 2","1 | 2","1 | 2","1 | 2","1 | 1","2 | 0","-","-","-","-","1 | 0","-","-","1 | 0","-","-","-","-","-","-","-","-","-","-","-","-","-"
"Bear Lake","-","0 | 3","-","-","-","-","-","-","-","-","-","0 | 2","-","-","-","-","-","-","1 | 1","-","-","-","-","-","-","-","-","-","-","-","-"
"Bonilla Lake","-","-","1 | 1","1 | 2","2 | 6","2 | 3","1 | 2","1 | 2","-","-","-","-","-","-","-","-","-","-","-","-","-","-","-","-","-","-","-","-","-","-","-"
"Bowser Lake","-","-","-","-","-","-","-","-","-","-","-","-","-","-","0 | 2","0 | 2","0 | 4","-","-","-","-","-","-","-","-","-","-","-","-","-","-"
"Brannen Lake","-","-","-","-","-","-","-","-","-","1 | 1","-","-","-","0 | 1","-","-","-","-","-","-","-","-","-","-","-","-","-","-","-","-","-"
"Cheewhat Lake","-","-","-","-","-","-","1 | 1","3 | 2","2 | 3","3 | 4","6 | 9","4 | 7","7 | 10","8 | 9","4 | 3","4 | 0","2 | 0","6 | 0","7 | 0","3 | 2","-","-","-","-","-","-","-","-","-","-","-"
"Cougar Lake","-","-","-","-","-","-","-","-","-","-","-","0 | 2","-","-","-","-","-","-","-","-","-","-","-","-","-","-","-","-","-","-","-"
"Curtis Lake","-","-","1 | 1","1 | 2","2 | 3","1 | 1","1 | 2","1 | 2","-","-","-","-","-","-","-","-","-","-","-","-","-","-","-","-","-","-","-","-","-","-","-"
"Damdochax Lake","-","-","-","-","-","-","-","-","-","-","-","-","-","-","1 | 2","0 | 3","0 | 1","-","-","-","-","-","-","-","-","-","-","-","-","-","-"
"Deer Lake","-","-","-","-","-","-","-","-","-","-","-","0 | 1","-","-","-","-","-","-","-","-","-","-","-","-","-","-","-","-","-","-","-"
"Devon Lake","-","-","1 | 2","1 | 1","1 | 1","1 | 1","1 | 1","1 | 2","1 | 2","2 | 2","1 | 2","1 | 1","-","-","-","-","-","-","-","-","-","-","-","-","-","-","-","-","-","-","-"
"Dragon Lake","-","-","-","-","-","-","-","-","-","-","-","-","-","-","-","0 | 1","-","-","-","-","-","-","-","-","-","-","-","-","-","-","-"
"Eden Lake","-","-","1 | 2","1 | 1","1 | 2","1 | 1","1 | 2","1 | 2","1 | 2","2 | 1","-","-","-","-","1 | 0","-","1 | 0","1 | 0","-","-","-","-","-","-","-","-","-","-","-","-","-"
"Ellerslie Lake","-","-","-","-","-","-","-","-","-","-","-","1 | 3","-","-","1 | 1","-","-","-","-","-","-","-","-","-","-","-","-","-","-","-","-"
"Fred Wright Lake","-","1 | 2","-","-","-","-","-","-","-","-","-","-","-","-","1 | 2","-","-","-","-","-","-","-","-","-","-","-","-","-","-","-","-"
"Fulmore_2005","-","-","-","-","-","-","-","-","-","-","-","-","-","-","-","-","-","-","-","-","-","-","-","-","-","-","-","1 | 0","-","-","-"
"Glendale Lake","-","-","-","-","-","-","-","1 | 1","1 | 1","-","-","-","-","-","-","-","-","-","-","-","-","-","-","-","-","-","-","-","-","-","-"
"Great Central Lake","2 | 5","4 | 1","2 | 9","2 | 5","4 | 7","3 | 4","2 | 3","1 | 1","2 | 1","2 | 2","2 | 4","1 | 1","3 | 6","6 | 4","3 | 7","4 | 3","3 | 0","3 | 2","4 | 0","3 | 4","2 | 3","2 | 0","3 | 0","1 | 0","2 | 0","1 | 0","1 | 0","1 | 0","1 | 0","1 | 0","-"
"Henderson Lake","2 | 2","1 | 2","0 | 1","2 | 2","3 | 5","4 | 5","3 | 5","2 | 3","2 | 2","4 | 5","3 | 7","2 | 4","3 | 6","2 | 4","3 | 4","3 | 4","3 | 5","5 | 4","4 | 4","3 | 5","4 | 0","2 | 0","1 | 0","3 | 0","1 | 0","1 | 0","1 | 0","1 | 0","4 | 0","4 | 0","3 | 0"
"Hesquiat Lake","-","-","-","-","-","-","-","1 | 3","-","-","-","-","-","-","-","-","-","-","-","-","-","-","-","-","-","-","-","-","-","-","-"
"Heydon Lake","-","-","-","-","-","-","-","1 | 2","1 | 1","1 | 1","1 | 1","-","-","-","-","-","-","-","-","-","-","-","-","1 | 0","-","-","-","-","-","-","-"
"Heydon_2005","-","-","-","-","-","-","-","-","-","-","-","-","-","-","-","-","-","-","-","-","-","-","-","-","-","-","-","1 | 0","-","-","-"
"Hobiton Lake","2 | 2","1 | 1","1 | 3","2 | 0","2 | 3","5 | 4","8 | 7","21 | 15","20 | 11","13 | 7","13 | 21","8 | 14","10 | 11","6 | 10","7 | 7","12 | 4","7 | 0","7 | 0","9 | 0","3 | 2","-","-","-","-","-","-","-","-","-","-","-"
"Ian Lake","-","-","1 | 2","1 | 2","1 | 1","1 | 1","1 | 1","1 | 1","1 | 1","2 | 1","-","-","1 | 0","-","1 | 1","-","1 | 0","3 | 0","2 | 0","1 | 2","1 | 0","-","-","-","-","-","1 | 0","-","-","-","-"
"Ingram Lake","-","-","-","-","-","-","-","-","-","-","-","1 | 2","-","-","-","-","-","-","-","-","-","-","-","-","-","-","-","-","-","-","-"
"Jansen Lake","-","-","-","-","-","-","1 | 1","1 | 2","4 | 4","-","-","-","-","-","-","-","-","-","-","-","-","-","-","-","-","-","-","-","-","-","-"
"Johanson Lake","-","-","-","-","-","-","-","-","-","-","-","-","-","-","-","-","-","1 | 0","-","-","-","-","-","-","-","-","-","-","-","-","-"
"Kennedy Lake (Clay)","3 | 7","2 | 8","1 | 7","1 | 1","3 | 6","3 | 5","2 | 3","16 | 35","25 | 19","9 | 12","5 | 11","4 | 9","5 | 6","4 | 8","1 | 2","1 | 0","2 | 0","2 | 0","4 | 2","1 | 1","2 | 0","-","1 | 0","1 | 0","1 | 0","1 | 0","-","1 | 0","1 | 0","1 | 0","-"
"Kennedy Lake (Main)","2 | 5","2 | 5","1 | 7","1 | 1","3 | 4","2 | 3","2 | 4","2 | 0","3 | 4","10 | 9","4 | 5","4 | 0","3 | 8","4 | 12","1 | 1","1 | 0","2 | 0","2 | 2","4 | 2","1 | 2","2 | 0","-","1 | 0","2 | 0","1 | 0","1 | 0","-","1 | 0","1 | 0","1 | 0","-"
"Khtada Lake","-","-","-","-","-","-","-","-","-","-","-","-","-","-","-","-","-","-","-","-","1 | 0","-","-","-","-","-","-","-","-","-","-"
"Kingsalmon Lake","-","-","-","-","-","-","-","-","-","-","-","-","-","-","-","-","-","-","-","-","-","-","-","1 | 0","-","-","-","-","-","-","-"
"Kitlope Lake","-","2 | 3","1 | 4","1 | 2","-","-","-","-","-","-","-","-","-","-","-","-","-","-","-","-","-","-","-","-","-","-","-","-","-","-","-"
"Kitwanga Lake","-","-","-","-","-","-","-","-","-","-","-","-","-","-","-","-","-","-","1 | 1","-","-","-","-","-","-","-","-","-","-","-","-"
"Klukshu Lake","-","-","-","-","-","-","-","-","-","-","-","0 | 1","-","-","-","-","-","-","-","-","-","-","-","-","-","-","-","-","-","-","-"
"Kwinageese Lake","-","-","-","-","-","-","-","-","-","-","-","-","-","-","2 | 0","-","-","-","-","-","-","-","-","-","-","-","-","-","-","-","-"
"L Trapper Lake","-","-","-","-","-","-","-","-","-","-","-","-","-","-","-","-","1 | 0","1 | 0","1 | 0","-","-","-","-","-","-","-","-","-","-","-","-"
"Link Lake","-","-","-","-","-","-","-","-","-","-","-","1 | 3","-","-","1 | 1","-","-","-","-","-","-","-","-","-","-","-","-","-","-","-","-"
"Long Lake","0 | 1","0 | 4","0 | 1","0 | 6","0 | 4","0 | 5","0 | 9","0 | 5","0 | 4","0 | 5","0 | 5","0 | 7","0 | 8","0 | 3","0 | 4","0 | 7","0 | 5","0 | 3","0 | 3","0 | 2","0 | 1","-","-","-","-","-","-","-","-","-","-"
"Long Lake (A)","1 | 0","1 | 0","1 | 0","3 | 0","2 | 0","3 | 0","4 | 0","2 | 0","3 | 0","4 | 0","2 | 0","1 | 0","3 | 0","3 | 7","1 | 0","2 | 0","2 | 0","1 | 0","1 | 0","1 | 0","2 | 1","1 | 1","1 | 2","1 | 0","2 | 0","1 | 0","1 | 0","-","1 | 0","1 | 0","2 | 0"
"Long Lake (B)","1 | 0","2 | 0","1 | 0","3 | 0","2 | 0","3 | 0","4 | 0","2 | 0","3 | 0","4 | 0","2 | 0","1 | 0","3 | 0","2 | 6","1 | 0","2 | 0","2 | 0","1 | 0","1 | 0","1 | 0","2 | 0","1 | 3","1 | 1","1 | 0","2 | 0","2 | 0","1 | 0","-","1 | 0","1 | 0","2 | 0"
"Lowe Lake","-","1 | 1","2 | 4","1 | 2","1 | 2","1 | 1","1 | 1","1 | 1","1 | 2","-","-","-","-","-","-","-","-","-","-","-","-","-","-","-","-","-","-","-","-","-","-"
"Maggie Lake","-","-","-","-","-","-","-","-","-","-","-","2 | 2","-","-","-","-","-","-","-","-","-","-","-","-","-","-","-","-","-","-","-"
"Mathers Lake","-","-","-","-","-","-","-","1 | 2","1 | 2","-","-","-","-","-","-","-","1 | 2","-","-","-","-","-","-","-","-","-","-","-","-","-","-"
"Megin Lake","-","-","-","-","-","-","-","1 | 3","1 | 1","-","1 | 1","-","-","-","-","-","1 | 1","2 | 0","2 | 3","-","-","-","-","-","-","-","-","-","-","-","-"
"Mercer Lake","-","-","0 | 2","1 | 1","1 | 1","1 | 1","1 | 1","1 | 2","-","1 | 2","-","-","-","-","-","-","-","-","-","-","-","-","-","-","-","-","-","-","-","-","-"
"Meziadin Lake","-","0 | 3","-","-","-","-","-","-","-","-","-","-","-","-","1 | 2","0 | 1","0 | 4","-","-","-","-","-","-","-","-","-","-","-","-","-","-"
"Morice Lake","-","0 | 2","-","-","-","-","-","-","-","-","-","-","-","-","-","-","-","-","-","-","-","-","-","-","-","-","-","-","-","-","-"
"Morrison Lake","-","-","-","-","-","-","-","-","-","-","-","-","-","-","-","-","-","-","1 | 1","-","-","-","-","-","-","-","-","-","-","-","-"
"Muchalat Lake","-","-","-","-","-","-","1 | 1","1 | 2","1 | 1","2 | 1","1 | 1","0 | 2","-","-","-","-","1 | 1","2 | 1","3 | 2","-","-","-","-","-","-","-","-","-","-","-","-"
"Muriel Lake","-","-","-","-","-","1 | 1","3 | 3","2 | 2","5 | 7","6 | 8","6 | 13","4 | 8","4 | 5","2 | 6","-","-","-","-","3 | 0","1 | 0","2 | 1","-","1 | 0","2 | 0","1 | 0","1 | 0","-","-","-","-","-"
"Nahmint Lake","-","-","-","-","-","-","-","-","-","1 | 1","3 | 4","1 | 4","1 | 0","-","-","-","-","-","-","-","-","-","-","-","-","-","-","-","-","-","-"
"Nahwitti Lake","-","-","-","-","-","-","-","1 | 1","1 | 2","-","1 | 2","1 | 1","1 | 0","-","-","-","-","-","-","-","-","-","-","-","-","-","-","-","-","-","-"
"Nahwitti_2005","-","-","-","-","-","-","-","-","-","-","-","-","-","-","-","-","-","-","-","-","-","-","-","-","-","-","-","1 | 0","-","-","-"
"Nakina Lake","-","-","-","-","-","-","-","-","-","-","-","-","-","-","-","-","1 | 0","1 | 0","-","-","-","-","-","-","-","-","-","-","-","-","-"
"Nimpkish Lake","-","1 | 1","1 | 1","1 | 2","2 | 3","3 | 8","3 | 9","2 | 4","3 | 4","2 | 3","2 | 8","1 | 2","2 | 1","1 | 3","1 | 2","1 | 0","1 | 0","1 | 0","1 | 0","-","1 | 0","-","-","-","1 | 0","3 | 0","1 | 0","-","-","-","-"
"Osoyoos Lake C","-","-","-","-","-","-","-","-","-","-","-","-","-","-","-","-","-","-","-","-","2 | 0","3 | 0","-","-","-","-","-","-","-","-","-"
"Osoyoos Lake N","-","-","-","-","-","-","-","-","-","-","-","-","-","-","-","-","-","-","-","-","3 | 0","4 | 0","3 | 0","4 | 0","3 | 0","4 | 0","3 | 0","2 | 0","5 | 0","3 | 0","2 | 0"
"Osoyoos Lake S","-","-","-","-","-","-","-","-","-","-","-","-","-","-","-","-","-","-","-","-","2 | 0","2 | 0","-","-","-","-","-","-","-","-","-"
"Osoyoos_2005","-","-","-","-","-","-","-","-","-","-","-","-","-","-","-","-","-","-","-","-","-","-","-","-","-","-","-","1 | 0","-","1 | 0","2 | 0"
"Owikeno Lake","-","0 | 2","-","-","-","-","-","-","-","-","0 | 3","0 | 3","0 | 4","0 | 8","0 | 7","0 | 8","-","-","0 | 7","0 | 4","-","-","-","-","-","-","-","-","-","-","-"
"Owikeno Lake (A)","-","-","-","-","-","-","-","-","-","-","-","-","-","-","-","-","-","-","2 | 0","1 | 0","-","-","-","-","-","1 | 0","1 | 0","-","1 | 0","1 | 0","1 | 0"
"Owikeno Lake (B)","-","-","-","-","-","-","-","-","-","-","-","-","-","-","-","-","-","-","2 | 0","1 | 0","-","-","-","-","-","1 | 0","2 | 0","-","-","1 | 0","1 | 0"
"Owikeno Lake (C)","-","-","-","-","-","-","-","-","-","-","-","-","-","-","-","-","-","-","1 | 0","-","-","-","-","-","-","1 | 0","-","-","-","-","-"
"Owikeno Lake (D)","-","-","-","-","-","-","-","-","-","-","-","-","-","-","-","-","-","-","1 | 0","1 | 0","-","-","-","-","-","1 | 0","-","-","-","-","-"
"Phillips Lake","-","-","-","-","-","-","-","1 | 1","1 | 1","1 | 3","1 | 2","-","-","-","-","-","-","-","-","-","-","-","-","-","-","-","-","-","-","-","-"
"Phillips_2005","-","-","-","-","-","-","-","-","-","-","-","-","-","-","-","-","-","-","-","-","-","-","-","-","-","-","-","1 | 0","-","-","-"
"Port John Lake","-","-","-","-","-","-","1 | 1","-","-","-","-","-","-","-","-","-","-","-","-","-","-","-","-","-","-","-","-","-","-","-","-"
"Power Lake","-","-","-","-","-","-","-","-","1 | 1","0 | 2","-","-","-","-","-","-","-","-","-","-","-","-","-","-","-","-","-","-","-","-","-"
"Quatse Lake","-","-","-","-","-","-","-","1 | 1","1 | 3","2 | 2","1 | 2","1 | 2","2 | 0","-","-","-","-","-","-","-","-","-","-","-","-","-","-","-","-","-","-"
"Quatse_2005","-","-","-","-","-","-","-","-","-","-","-","-","-","-","-","-","-","-","-","-","-","-","-","-","-","-","-","1 | 0","-","-","-"
"Ruby Lake","-","-","-","-","-","-","-","-","-","-","-","-","-","-","-","-","-","-","-","-","-","-","-","-","-","1 | 0","-","-","-","-","-"
"Sakinaw Lake","-","-","-","-","-","-","-","-","-","-","-","-","-","-","-","-","-","-","-","-","-","-","-","-","-","1 | 0","-","-","-","-","-"
"Schoen Lake","-","1 | 0","-","-","-","-","-","-","-","-","1 | 2","1 | 2","1 | 0","-","1 | 0","1 | 1","1 | 0","1 | 0","-","1 | 0","1 | 0","-","-","1 | 0","-","-","-","-","-","-","-"
"Simpson Lake","-","0 | 1","-","-","-","-","-","-","-","-","-","-","-","-","-","-","-","-","-","-","-","-","-","-","-","-","-","-","-","-","-"
"Skaha Lake","-","-","-","-","-","-","-","-","-","-","-","-","-","-","-","-","-","-","-","-","-","-","2 | 0","4 | 0","3 | 0","5 | 0","3 | 0","6 | 0","7 | 0","3 | 0","2 | 0"
"Skaha_2007","-","-","-","-","-","-","-","-","-","-","-","-","-","-","-","-","-","-","-","-","-","-","-","-","-","-","-","-","-","-","2 | 0"
"Skidegate Lake","-","-","-","-","-","-","-","-","0 | 1","0 | 1","0 | 4","0 | 1","0 | 4","0 | 2","0 | 1","0 | 3","0 | 1","-","-","0 | 1","0 | 1","-","-","-","-","-","-","-","-","-","-"
"Skidegate Lake NE","-","-","-","-","-","-","-","-","1 | 0","1 | 0","2 | 0","1 | 0","2 | 0","1 | 0","1 | 0","1 | 0","1 | 0","1 | 0","1 | 0","1 | 0","1 | 0","1 | 0","1 | 0","-","-","-","1 | 0","-","-","-","-"
"Skidegate Lake SW","-","-","-","-","-","-","-","-","1 | 0","1 | 0","2 | 0","1 | 0","2 | 0","1 | 0","1 | 0","1 | 0","1 | 0","1 | 0","1 | 0","1 | 0","1 | 0","1 | 0","1 | 0","-","-","-","1 | 0","-","-","-","-"
"Sproat Lake","-","-","1 | 4","1 | 2","3 | 3","3 | 5","2 | 5","1 | 2","2 | 1","4 | 7","3 | 7","1 | 0","4 | 6","9 | 6","3 | 5","3 | 5","3 | 0","2 | 0","4 | 1","3 | 6","3 | 1","2 | 0","3 | 0","1 | 0","1 | 0","1 | 0","1 | 0","1 | 0","1 | 0","1 | 0","-"
"Sproat Lake (Two R)","-","-","-","-","-","-","-","-","-","-","-","-","0 | 2","-","-","-","-","-","-","-","-","-","-","-","-","-","-","-","-","-","-"
"Stephens Lake","-","0 | 2","-","-","-","-","-","-","-","-","-","-","-","-","-","-","-","-","-","-","-","-","-","-","-","-","-","-","-","-","-"
"Sustut Lake","-","-","-","-","-","-","-","-","-","-","-","-","-","-","-","-","-","1 | 0","-","-","-","-","-","-","-","-","-","-","-","-","-"
"Swan Lake","-","0 | 3","-","-","-","-","-","-","-","-","-","-","-","-","-","-","-","-","1 | 1","-","-","-","-","-","-","-","-","-","-","-","-"
"Tahltan Lake","-","-","-","-","-","-","-","-","1 | 1","-","-","1 | 0","0 | 8","-","1 | 3","0 | 4","1 | 3","1 | 0","-","1 | 0","1 | 0","-","1 | 0","-","-","-","-","-","-","-","-"
"Takla Lake","-","-","-","-","-","-","-","-","-","-","-","-","-","-","1 | 0","-","-","-","-","-","-","-","-","-","-","-","-","-","-","-","-"
"Tatsamenie Lake","-","-","-","-","-","-","-","-","-","-","-","-","-","-","0 | 5","1 | 2","1 | 3","1 | 0","1 | 0","1 | 0","4 | 0","4 | 0","1 | 0","2 | 0","3 | 0","2 | 0","1 | 0","1 | 0","1 | 0","-","-"
"Trapper Lake","-","-","-","-","-","-","-","-","-","-","-","-","-","-","1 | 5","-","1 | 0","1 | 0","1 | 0","-","-","-","-","-","-","-","-","1 | 0","-","-","-"
"Tuya Lake","-","-","-","-","-","-","-","-","-","-","1 | 0","-","-","-","-","-","1 | 0","1 | 0","1 | 0","1 | 0","2 | 0","1 | 0","1 | 0","1 | 0","-","-","1 | 0","1 | 0","-","-","-"
"Uchuck Lake","-","-","-","-","-","-","-","-","-","-","-","0 | 2","-","-","-","-","-","-","-","-","-","-","-","-","-","-","-","-","-","-","-"
"Vernon Lake","-","1 | 1","-","0 | 1","-","-","-","-","-","1 | 2","1 | 1","1 | 1","1 | 0","1 | 2","1 | 1","1 | 1","1 | 0","1 | 0","1 | 0","1 | 0","1 | 0","-","-","6 | 0","4 | 0","7 | 0","3 | 0","3 | 0","4 | 0","3 | 0","3 | 0"
"Village Bay_2005","-","-","-","-","-","-","-","-","-","-","-","-","-","-","-","-","-","-","-","-","-","-","-","-","-","-","-","1 | 0","-","-","-"
"Woss Lake","-","1 | 1","1 | 2","1 | 1","2 | 3","2 | 2","3 | 4","2 | 3","2 | 1","2 | 2","1 | 1","1 | 2","2 | 4","1 | 2","1 | 1","1 | 2","2 | 0","1 | 0","1 | 0","1 | 0","1 | 0","-","-","6 | 0","6 | 0","8 | 0","4 | 0","4 | 0","4 | 0","3 | 0","4 | 0"
"Yakoun Lake","-","-","-","-","-","1 | 1","2 | 2","1 | 2","1 | 1","2 | 2","1 | 2","1 | 2","2 | 2","1 | 2","1 | 1","1 | 1","1 | 0","2 | 0","3 | 0","3 | 1","1 | 1","2 | 0","1 | 0","-","-","-","1 | 0","-","-","-","-"
